{
  "timestamp": "2026-05-30T18:41:20.557771",
  "camera_frame": "ascamera_color_0",
  "marker_frame": "aruco_marker",
  "num_samples": 20,
  "rmse_cm": 3.7838592529296875,
  "rotation": [
    [
      0.09301184117794037,
      -0.7162769436836243,
      0.6915895938873291
    ],
    [
      -0.9956298470497131,
      -0.07274617999792099,
      0.05855922773480415
    ],
    [
      0.008365883491933346,
      -0.6940139532089233,
      -0.7199129462242126
    ]
  ],
  "translation": [
    3.326274871826172,
    1.44582998752594,
    49.60767364501953
  ],
  "transform_4x4": [
    [
      0.09301184117794037,
      -0.7162769436836243,
      0.6915895938873291,
      3.326274871826172
    ],
    [
      -0.9956298470497131,
      -0.07274617999792099,
      0.05855922773480415,
      1.44582998752594
    ],
    [
      0.008365883491933346,
      -0.6940139532089233,
      -0.7199129462242126,
      49.60767364501953
    ],
    [
      0.0,
      0.0,
      0.0,
      1.0
    ]
  ],
  "points_cam": [
    [
      2.663700580596924,
      11.979942321777344,
      36.99104690551758
    ],
    [
      2.6544699668884277,
      11.325894355773926,
      33.302101135253906
    ],
    [
      3.054079532623291,
      9.202735900878906,
      43.12545394897461
    ],
    [
      2.9546759128570557,
      7.618157386779785,
      37.830501556396484
    ],
    [
      3.230112075805664,
      9.256790161132812,
      50.674537658691406
    ],
    [
      3.224238157272339,
      6.555497646331787,
      42.65398025512695
    ],
    [
      3.360767126083374,
      9.101271629333496,
      53.04167175292969
    ],
    [
      3.3825340270996094,
      6.868856906890869,
      49.39453887939453
    ],
    [
      7.406304359436035,
      11.040901184082031,
      39.299591064453125
    ],
    [
      6.536435127258301,
      9.56386661529541,
      34.56532287597656
    ],
    [
      7.517648220062256,
      10.096683502197266,
      49.537811279296875
    ],
    [
      7.176974773406982,
      7.146620273590088,
      42.957427978515625
    ],
    [
      -1.22598135471344,
      10.175188064575195,
      40.07650375366211
    ],
    [
      -0.7349914908409119,
      8.899791717529297,
      35.12969207763672
    ],
    [
      -0.42023685574531555,
      9.370872497558594,
      50.06978988647461
    ],
    [
      0.024612706154584885,
      6.512021064758301,
      44.24247741699219
    ],
    [
      6.44232702255249,
      10.436477661132812,
      56.17461395263672
    ],
    [
      2.1430716514587402,
      10.289734840393066,
      56.696346282958984
    ],
    [
      7.727801322937012,
      10.530906677246094,
      41.539798736572266
    ],
    [
      0.08680800348520279,
      9.513476371765137,
      41.9505500793457
    ]
  ],
  "points_base": [
    [
      20.0,
      0.0,
      11.0
    ],
    [
      20.0,
      0.0,
      22.0
    ],
    [
      26.0,
      0.0,
      9.0
    ],
    [
      26.0,
      0.0,
      20.0
    ],
    [
      30.0,
      0.0,
      5.0
    ],
    [
      30.0,
      0.0,
      17.0
    ],
    [
      34.0,
      0.0,
      4.0
    ],
    [
      34.0,
      0.0,
      13.0
    ],
    [
      22.0,
      -7.0,
      10.0
    ],
    [
      22.0,
      -7.0,
      21.0
    ],
    [
      30.0,
      -5.0,
      4.0
    ],
    [
      30.0,
      -5.0,
      16.0
    ],
    [
      22.0,
      7.0,
      10.0
    ],
    [
      22.0,
      7.0,
      21.0
    ],
    [
      30.0,
      5.0,
      4.0
    ],
    [
      30.0,
      5.0,
      16.0
    ],
    [
      36.0,
      -4.0,
      5.0
    ],
    [
      36.0,
      4.0,
      5.0
    ],
    [
      24.0,
      -6.0,
      9.0
    ],
    [
      24.0,
      6.0,
      9.0
    ]
  ]
}