{
  "timestamp": "2026-05-30T17:41:56.701694",
  "camera_frame": "ascamera_color_0",
  "marker_frame": "aruco_marker",
  "num_samples": 20,
  "rmse_cm": 3.94238018989563,
  "rotation": [
    [
      0.18881753087043762,
      -0.7650370001792908,
      0.6156836152076721
    ],
    [
      -0.9661024212837219,
      -0.2571142613887787,
      -0.02320156991481781
    ],
    [
      0.1760510802268982,
      -0.5904325842857361,
      -0.7876518368721008
    ]
  ],
  "translation": [
    6.294536590576172,
    6.390299320220947,
    49.8621826171875
  ],
  "transform_4x4": [
    [
      0.18881753087043762,
      -0.7650370001792908,
      0.6156836152076721,
      6.294536590576172
    ],
    [
      -0.9661024212837219,
      -0.2571142613887787,
      -0.02320156991481781,
      6.390299320220947
    ],
    [
      0.1760510802268982,
      -0.5904325842857361,
      -0.7876518368721008,
      49.8621826171875
    ],
    [
      0.0,
      0.0,
      0.0,
      1.0
    ]
  ],
  "points_cam": [
    [
      3.369666337966919,
      9.170788764953613,
      48.72102355957031
    ],
    [
      7.6456451416015625,
      9.481314659118652,
      50.906917572021484
    ],
    [
      0.06302659213542938,
      8.78456974029541,
      51.33313751220703
    ],
    [
      3.3585424423217773,
      9.759822845458984,
      55.56774139404297
    ],
    [
      6.833740234375,
      8.649711608886719,
      47.491050720214844
    ],
    [
      0.7182333469390869,
      7.985812664031982,
      47.676902770996094
    ],
    [
      8.69630241394043,
      10.901497840881348,
      42.968502044677734
    ],
    [
      -1.7780377864837646,
      9.607381820678711,
      42.822044372558594
    ],
    [
      -1.7862272262573242,
      9.54325008392334,
      42.60434341430664
    ],
    [
      -0.5081685781478882,
      11.871585845947266,
      37.80312728881836
    ],
    [
      2.9592225551605225,
      9.557260513305664,
      40.141998291015625
    ],
    [
      4.847508430480957,
      9.403626441955566,
      39.47760772705078
    ],
    [
      6.55571985244751,
      12.749429702758789,
      37.35776901245117
    ],
    [
      -0.2999911606311798,
      11.420636177062988,
      35.393272399902344
    ],
    [
      7.264792442321777,
      10.356276512145996,
      39.48713302612305
    ],
    [
      1.350482702255249,
      7.442967891693115,
      44.74330139160156
    ],
    [
      4.819277286529541,
      11.344016075134277,
      33.99745559692383
    ],
    [
      4.819277286529541,
      11.344016075134277,
      33.99745559692383
    ],
    [
      4.819277286529541,
      11.344016075134277,
      33.99745559692383
    ],
    [
      0.3473207950592041,
      8.93770694732666,
      36.072540283203125
    ]
  ],
  "points_base": [
    [
      30.0,
      0.0,
      5.0
    ],
    [
      32.0,
      -6.0,
      4.0
    ],
    [
      32.0,
      6.0,
      4.0
    ],
    [
      36.0,
      0.0,
      5.0
    ],
    [
      30.0,
      -5.0,
      8.0
    ],
    [
      30.0,
      5.0,
      8.0
    ],
    [
      24.0,
      -8.0,
      9.0
    ],
    [
      24.0,
      8.0,
      9.0
    ],
    [
      19.0,
      -5.0,
      10.0
    ],
    [
      20.0,
      5.0,
      10.0
    ],
    [
      25.0,
      0.0,
      12.0
    ],
    [
      25.0,
      -3.0,
      14.0
    ],
    [
      20.0,
      -6.0,
      14.0
    ],
    [
      20.0,
      6.0,
      14.0
    ],
    [
      24.0,
      -7.0,
      12.0
    ],
    [
      30.0,
      4.0,
      12.0
    ],
    [
      20.0,
      -4.0,
      18.0
    ],
    [
      19.0,
      0.0,
      20.0
    ],
    [
      20.0,
      0.0,
      22.0
    ],
    [
      24.0,
      5.0,
      17.0
    ]
  ]
}