{
  "timestamp": "2026-05-24T21:36:02.194685",
  "camera_frame": "ascamera_color_0",
  "marker_frame": "aruco_marker",
  "num_samples": 25,
  "rmse_cm": 10.086748123168945,
  "rotation": [
    [
      0.22662563621997833,
      -0.5722880959510803,
      0.7881162166595459
    ],
    [
      -0.9704807996749878,
      -0.06413334608078003,
      0.2324950098991394
    ],
    [
      -0.0825095921754837,
      -0.8175409436225891,
      -0.5699288845062256
    ]
  ],
  "translation": [
    -3.356922149658203,
    -8.94434928894043,
    40.74373245239258
  ],
  "transform_4x4": [
    [
      0.22662563621997833,
      -0.5722880959510803,
      0.7881162166595459,
      -3.356922149658203
    ],
    [
      -0.9704807996749878,
      -0.06413334608078003,
      0.2324950098991394,
      -8.94434928894043
    ],
    [
      -0.0825095921754837,
      -0.8175409436225891,
      -0.5699288845062256,
      40.74373245239258
    ],
    [
      0.0,
      0.0,
      0.0,
      1.0
    ]
  ],
  "points_cam": [
    [
      2.651705503463745,
      5.639654636383057,
      41.593929290771484
    ],
    [
      -12.81403923034668,
      7.144174098968506,
      44.49562072753906
    ],
    [
      -11.25117301940918,
      7.338184356689453,
      42.08305358886719
    ],
    [
      -9.275713920593262,
      8.158343315124512,
      39.816890716552734
    ],
    [
      -3.2737936973571777,
      9.752703666687012,
      36.11012649536133
    ],
    [
      1.988680124282837,
      6.268718242645264,
      41.98661422729492
    ],
    [
      -14.122212409973145,
      8.039517402648926,
      45.209327697753906
    ],
    [
      -13.227678298950195,
      8.369848251342773,
      42.932395935058594
    ],
    [
      -9.305014610290527,
      9.21514892578125,
      38.70098114013672
    ],
    [
      -3.175652027130127,
      11.501705169677734,
      35.67179489135742
    ],
    [
      -4.324019908905029,
      4.332906246185303,
      47.472171783447266
    ],
    [
      1.1471625566482544,
      5.1106743812561035,
      44.15237808227539
    ],
    [
      -12.238790512084961,
      6.938190937042236,
      47.094398498535156
    ],
    [
      -10.36819076538086,
      6.865880489349365,
      43.41263198852539
    ],
    [
      -8.796000480651855,
      7.534203052520752,
      41.75332260131836
    ],
    [
      -8.324288368225098,
      5.246216773986816,
      47.665077209472656
    ],
    [
      -4.426782608032227,
      4.895615577697754,
      47.0833740234375
    ],
    [
      1.1222319602966309,
      5.711071968078613,
      42.53139114379883
    ],
    [
      -13.640148162841797,
      7.834134101867676,
      46.2135009765625
    ],
    [
      -12.59606647491455,
      7.82553243637085,
      43.30268478393555
    ],
    [
      -12.618127822875977,
      8.014571189880371,
      42.76292037963867
    ],
    [
      -3.8760056495666504,
      7.395689487457275,
      39.830223083496094
    ],
    [
      1.6327991485595703,
      9.752151489257812,
      37.50276184082031
    ],
    [
      -14.82026195526123,
      10.2520751953125,
      42.9467887878418
    ],
    [
      -14.813505172729492,
      9.723995208740234,
      44.22031784057617
    ]
  ],
  "points_base": [
    [
      34.93478012084961,
      -9.967390060424805,
      19.941301345825195
    ],
    [
      30.000274658203125,
      20.099660873413086,
      19.99999237060547
    ],
    [
      25.069515228271484,
      15.070895195007324,
      19.99999237060547
    ],
    [
      20.065471649169922,
      10.0654878616333,
      19.99999237060547
    ],
    [
      15.04290771484375,
      0.08526158332824707,
      19.99999237060547
    ],
    [
      34.92497253417969,
      -9.962485313415527,
      15.947479248046875
    ],
    [
      30.000272750854492,
      20.09966468811035,
      15.999996185302734
    ],
    [
      25.08545684814453,
      18.035884857177734,
      15.999996185302734
    ],
    [
      20.050901412963867,
      10.080435752868652,
      15.999996185302734
    ],
    [
      15.042853355407715,
      0.08552554249763489,
      15.999996185302734
    ],
    [
      34.9037971496582,
      0.000412265449995175,
      12.019281387329102
    ],
    [
      30.043659210205078,
      -9.910964965820312,
      12.000170707702637
    ],
    [
      25.000276565551758,
      20.099699020385742,
      12.000003814697266
    ],
    [
      20.069515228271484,
      15.070895195007324,
      12.000003814697266
    ],
    [
      15.065469741821289,
      10.0654878616333,
      12.000003814697266
    ],
    [
      30.099674224853516,
      10.000006675720215,
      8.000391006469727
    ],
    [
      30.000946044921875,
      0.0948953703045845,
      8.000003814697266
    ],
    [
      25.042335510253906,
      -9.914539337158203,
      8.000003814697266
    ],
    [
      20.000276565551758,
      20.099699020385742,
      8.000003814697266
    ],
    [
      15.085455894470215,
      18.035884857177734,
      8.000003814697266
    ],
    [
      25.09798240661621,
      18.00000762939453,
      1.3661473531101365e-05
    ],
    [
      25.000516891479492,
      0.09489180892705917,
      7.202007878959193e-08
    ],
    [
      20.042329788208008,
      -9.914544105529785,
      6.096688709433806e-10
    ],
    [
      15.016216278076172,
      19.903789520263672,
      1.960773991088738e-12
    ],
    [
      25.094968795776367,
      19.99999237060547,
      -7.998198509216309
    ]
  ]
}