{
  "timestamp": "2026-05-24T20:33:48.151054",
  "camera_frame": "ascamera_color_0",
  "marker_frame": "aruco_marker",
  "num_samples": 20,
  "rmse_cm": 6.711383819580078,
  "rotation": [
    [
      0.28261828422546387,
      -0.8984421491622925,
      0.33604857325553894
    ],
    [
      -0.9564897418022156,
      -0.29042431712150574,
      0.02794855833053589
    ],
    [
      0.072486512362957,
      -0.329325795173645,
      -0.941429853439331
    ]
  ],
  "translation": [
    8.26983642578125,
    3.9744420051574707,
    53.36982727050781
  ],
  "transform_4x4": [
    [
      0.28261828422546387,
      -0.8984421491622925,
      0.33604857325553894,
      8.26983642578125
    ],
    [
      -0.9564897418022156,
      -0.29042431712150574,
      0.02794855833053589,
      3.9744420051574707
    ],
    [
      0.072486512362957,
      -0.329325795173645,
      -0.941429853439331,
      53.36982727050781
    ],
    [
      0.0,
      0.0,
      0.0,
      1.0
    ]
  ],
  "points_cam": [
    [
      4.711954116821289,
      10.318841934204102,
      40.49214172363281
    ],
    [
      5.300345420837402,
      10.276844024658203,
      41.24733352661133
    ],
    [
      5.300345420837402,
      10.276844024658203,
      41.24733352661133
    ],
    [
      0.723203718662262,
      8.478217124938965,
      45.42832565307617
    ],
    [
      0.723203718662262,
      8.478217124938965,
      45.42832565307617
    ],
    [
      0.723203718662262,
      8.478217124938965,
      45.42832565307617
    ],
    [
      0.723203718662262,
      8.478217124938965,
      45.42832565307617
    ],
    [
      0.723203718662262,
      8.478217124938965,
      45.42832565307617
    ],
    [
      0.723203718662262,
      8.478217124938965,
      45.42832565307617
    ],
    [
      0.723203718662262,
      8.478217124938965,
      45.42832565307617
    ],
    [
      3.3578457832336426,
      7.81147575378418,
      42.20338821411133
    ],
    [
      4.765926837921143,
      9.372644424438477,
      40.79248809814453
    ],
    [
      -0.6830092668533325,
      8.924025535583496,
      42.78055191040039
    ],
    [
      6.053296089172363,
      9.355612754821777,
      40.49018859863281
    ],
    [
      1.8214808702468872,
      9.251235008239746,
      40.67641830444336
    ],
    [
      0.05165911465883255,
      5.834466934204102,
      42.88658142089844
    ],
    [
      3.4880335330963135,
      8.072622299194336,
      38.06391906738281
    ],
    [
      5.378454685211182,
      8.282622337341309,
      38.23906707763672
    ],
    [
      5.204492092132568,
      8.193005561828613,
      36.67768096923828
    ],
    [
      2.234206199645996,
      7.818563938140869,
      36.87471389770508
    ]
  ],
  "points_base": [
    [
      15.0,
      0.0,
      7.90215539932251
    ],
    [
      13.02633285522461,
      -4.934165954589844,
      3.0645458698272705
    ],
    [
      17.955997467041016,
      4.912111759185791,
      3.000570774078369
    ],
    [
      15.066143035888672,
      7.930905818939209,
      3.0000128746032715
    ],
    [
      16.988386154174805,
      -7.904334545135498,
      3.0000009536743164
    ],
    [
      13.023101806640625,
      7.9078779220581055,
      7.971038341522217
    ],
    [
      17.964927673339844,
      -4.909034729003906,
      7.999796390533447
    ],
    [
      15.04883098602295,
      -0.08085037022829056,
      7.999996662139893
    ],
    [
      15.988767623901367,
      -7.906473636627197,
      7.999998092651367
    ],
    [
      14.014728546142578,
      4.904420852661133,
      7.999998092651367
    ],
    [
      17.95218276977539,
      0.05884786695241928,
      12.940006256103516
    ],
    [
      13.068096160888672,
      -4.930436611175537,
      12.999175071716309
    ],
    [
      14.985640525817871,
      7.9038896560668945,
      12.999993324279785
    ],
    [
      16.987957000732422,
      -7.904916286468506,
      12.999996185302734
    ],
    [
      14.02553939819336,
      2.9067885875701904,
      12.999996185302734
    ],
    [
      17.94300079345703,
      7.926959037780762,
      17.92829704284668
    ],
    [
      13.052048683166504,
      0.08342919498682022,
      17.999406814575195
    ],
    [
      14.966623306274414,
      -4.912899971008301,
      17.999990463256836
    ],
    [
      15.978092193603516,
      -3.0405538082122803,
      21.915197372436523
    ],
    [
      14.022892951965332,
      4.906943321228027,
      21.999019622802734
    ]
  ]
}