{
  "timestamp": "2026-05-31T15:10:50.661048",
  "camera_frame": "ascamera_color_0",
  "marker_frame": "aruco_marker",
  "num_samples": 19,
  "rmse_cm": 3.7965111390694553,
  "rotation": [
    [
      0.04370789029319396,
      -0.8042071198460405,
      0.5927398491033442
    ],
    [
      -0.9984047831669586,
      -0.0563877091554663,
      -0.0028836098102019182
    ],
    [
      0.03574226175631656,
      -0.5916682640172072,
      -0.8053888229168619
    ]
  ],
  "translation": [
    8.348209771773544,
    2.4348409582224364,
    38.25794641991341
  ],
  "transform_4x4": [
    [
      0.04370789029319396,
      -0.8042071198460405,
      0.5927398491033442,
      8.348209771773544
    ],
    [
      -0.9984047831669586,
      -0.0563877091554663,
      -0.0028836098102019182,
      2.4348409582224364
    ],
    [
      0.03574226175631656,
      -0.5916682640172072,
      -0.8053888229168619,
      38.25794641991341
    ],
    [
      0.0,
      0.0,
      0.0,
      1.0
    ]
  ],
  "points_cam": [
    [
      8.759273529052734,
      2.9597408771514893,
      24.430959701538086
    ],
    [
      8.817924499511719,
      0.01791492849588394,
      33.25109100341797
    ],
    [
      8.554177284240723,
      -0.9433945417404175,
      30.08972930908203
    ],
    [
      5.405584335327148,
      3.926690101623535,
      27.145751953125
    ],
    [
      4.940866470336914,
      3.470869541168213,
      22.250900268554688
    ],
    [
      1.9025449752807617,
      0.6293887495994568,
      31.851842880249023
    ],
    [
      2.087777853012085,
      -0.37984320521354675,
      26.50048828125
    ],
    [
      1.699752926826477,
      -0.2023717314004898,
      37.61240768432617
    ],
    [
      1.9075278043746948,
      -1.9620155096054077,
      31.365169525146484
    ],
    [
      1.5393633842468262,
      -0.039734646677970886,
      43.21810531616211
    ],
    [
      1.6615253686904907,
      -2.357651472091675,
      37.7242431640625
    ],
    [
      -1.4127596616744995,
      2.471827983856201,
      27.88157844543457
    ],
    [
      -0.7415494918823242,
      2.0001885890960693,
      23.77067756652832
    ],
    [
      -5.725884914398193,
      0.47203439474105835,
      39.34860610961914
    ],
    [
      -4.9919891357421875,
      -1.3446110486984253,
      33.33293914794922
    ],
    [
      -6.58419132232666,
      3.8702757358551025,
      29.316743850708008
    ],
    [
      -5.085435390472412,
      3.2706148624420166,
      24.31251335144043
    ],
    [
      -8.068092346191406,
      1.9927033185958862,
      37.91042709350586
    ],
    [
      -7.113149166107178,
      0.0749230831861496,
      31.646364212036133
    ]
  ],
  "points_base": [
    [
      20.0,
      -12.0,
      18.0
    ],
    [
      28.0,
      -10.0,
      11.0
    ],
    [
      28.0,
      -10.0,
      17.0
    ],
    [
      20.0,
      -5.0,
      11.0
    ],
    [
      20.0,
      -5.0,
      20.0
    ],
    [
      26.0,
      0.0,
      9.0
    ],
    [
      26.0,
      0.0,
      20.0
    ],
    [
      30.0,
      0.0,
      5.0
    ],
    [
      30.0,
      0.0,
      17.0
    ],
    [
      34.0,
      0.0,
      4.0
    ],
    [
      34.0,
      0.0,
      13.0
    ],
    [
      22.0,
      5.0,
      10.0
    ],
    [
      22.0,
      5.0,
      20.0
    ],
    [
      30.0,
      10.0,
      5.0
    ],
    [
      30.0,
      10.0,
      15.0
    ],
    [
      20.0,
      12.0,
      8.0
    ],
    [
      20.0,
      12.0,
      17.0
    ],
    [
      28.0,
      12.0,
      5.0
    ],
    [
      28.0,
      12.0,
      14.0
    ]
  ]
}