{
  "timestamp": "2026-05-30T19:15:21.083991",
  "camera_frame": "ascamera_color_0",
  "marker_frame": "aruco_marker",
  "num_samples": 20,
  "rmse_cm": 3.9037840366363525,
  "rotation": [
    [
      0.1501418650150299,
      -0.7519127130508423,
      0.6419382095336914
    ],
    [
      -0.9856407046318054,
      -0.16458159685134888,
      0.03775278851389885
    ],
    [
      0.07726442068815231,
      -0.6383888125419617,
      -0.7658263444900513
    ]
  ],
  "translation": [
    5.651777267456055,
    4.251867294311523,
    50.895774841308594
  ],
  "transform_4x4": [
    [
      0.1501418650150299,
      -0.7519127130508423,
      0.6419382095336914,
      5.651777267456055
    ],
    [
      -0.9856407046318054,
      -0.16458159685134888,
      0.03775278851389885,
      4.251867294311523
    ],
    [
      0.07726442068815231,
      -0.6383888125419617,
      -0.7658263444900513,
      50.895774841308594
    ],
    [
      0.0,
      0.0,
      0.0,
      1.0
    ]
  ],
  "points_cam": [
    [
      6.943976879119873,
      12.401248931884766,
      37.007633209228516
    ],
    [
      6.787158966064453,
      11.546879768371582,
      35.01921081542969
    ],
    [
      8.654439926147461,
      10.289076805114746,
      46.18350601196289
    ],
    [
      8.140484809875488,
      7.827328681945801,
      40.569740295410156
    ],
    [
      3.0352981090545654,
      12.195552825927734,
      37.17464065551758
    ],
    [
      2.8672542572021484,
      11.07268238067627,
      32.72490692138672
    ],
    [
      3.6247758865356445,
      9.37305736541748,
      42.82621383666992
    ],
    [
      3.48866605758667,
      7.761107921600342,
      37.606380462646484
    ],
    [
      4.010406494140625,
      9.413912773132324,
      49.56635284423828
    ],
    [
      3.9069457054138184,
      6.775688648223877,
      42.68870162963867
    ],
    [
      4.1976637840271,
      9.944453239440918,
      54.08103561401367
    ],
    [
      4.208509922027588,
      7.069798946380615,
      49.35007858276367
    ],
    [
      -3.4507720470428467,
      10.072687149047852,
      40.35466766357422
    ],
    [
      -2.5560553073883057,
      8.905232429504395,
      34.81535720825195
    ],
    [
      -3.906999349594116,
      9.032979011535645,
      49.273155212402344
    ],
    [
      -3.571028470993042,
      6.911208152770996,
      45.26293182373047
    ],
    [
      -5.328851699829102,
      11.43006706237793,
      41.29778289794922
    ],
    [
      -4.226354598999023,
      10.476787567138672,
      36.3597526550293
    ],
    [
      -5.731871604919434,
      9.829215049743652,
      48.468910217285156
    ],
    [
      -5.091983795166016,
      7.749443531036377,
      43.66042709350586
    ]
  ],
  "points_base": [
    [
      20.0,
      -7.0,
      11.0
    ],
    [
      20.0,
      -7.0,
      21.0
    ],
    [
      28.0,
      -7.0,
      7.0
    ],
    [
      28.0,
      -7.0,
      18.0
    ],
    [
      20.0,
      0.0,
      11.0
    ],
    [
      20.0,
      0.0,
      22.0
    ],
    [
      26.0,
      0.0,
      9.0
    ],
    [
      26.0,
      0.0,
      20.0
    ],
    [
      30.0,
      0.0,
      5.0
    ],
    [
      30.0,
      0.0,
      17.0
    ],
    [
      34.0,
      0.0,
      4.0
    ],
    [
      34.0,
      0.0,
      13.0
    ],
    [
      22.0,
      10.0,
      10.0
    ],
    [
      22.0,
      10.0,
      20.0
    ],
    [
      30.0,
      10.0,
      5.0
    ],
    [
      30.0,
      10.0,
      15.0
    ],
    [
      20.0,
      12.0,
      8.0
    ],
    [
      20.0,
      12.0,
      17.0
    ],
    [
      28.0,
      12.0,
      5.0
    ],
    [
      28.0,
      12.0,
      14.0
    ]
  ]
}